Juan;25;Colombia;1234567890
María;18;México;9876543210
Pedro;17;Argentina;4567890123
Ana;30;España;2345678901
Carlos;22;Perú;3456789012
Laura;16;Chile;5678901234
Luis;40;Brasil;6789012345
Paola;29;Ecuador;7890123456
Diego;19;Venezuela;8901234567
Sofía;21;Uruguay;9012345678
Alejandra;35;Paraguay;1098765432
Roberto;28;Costa Rica;2109876543
Fernanda;20;Panamá;3210987654
Andrés;24;Bolivia;4321098765
Valentina;26;El Salvador;5432109876
Javier;33;Guatemala;6543210987
Lucía;27;Nicaragua;7654321098
Miguel;23;Honduras;8765432109
Isabel;31;Puerto Rico;9876543210
Daniel;29;República Dominicana;5432109876
Camila;15;Estados Unidos;7654321098
Pablo;38;Canadá;9876543210
Natalia;34;Alemania;5432109876
José;32;Francia;7654321098
Ana María;28;Italia;9876543210
Felipe;30;Inglaterra;5432109876
Marcela;39;Australia;7654321098
Fernando;29;Nueva Zelanda;9876543210
Carolina;17;Japón;5432109876
Andrea;20;China;7654321098
Ricardo;25;Corea del Sur;9876543210
Paula;19;India;5432109876
Martín;22;Rusia;7654321098
Silvia;36;Sudáfrica;9876543210
David;27;Kenia;5432109876
Cristina;24;Nigeria;7654321098
Jorge;31;Ghana;9876543210
Lucas;23;Tanzania;5432109876
Monica;29;Egipto;7654321098
Santiago;26;Irán;9876543210
Verónica;35;Iraq;5432109876
Raúl;24;Arabia Saudita;7654321098
Elena;30;Emiratos Árabes Unidos;9876543210
Diego;19;Qatar;5432109876
Adriana;22;Turquía;7654321098
Carlos;28;Israel;9876543210
Luisa;33;Palestina;5432109876
Roberto;25;Siria;7654321098
Patricia;27;Afganistán;9876543210
Julián;21;Pakistán;5432109876
Lucas;16;Colombia;1234567891
Valeria;17;México;9876543211
Camilo;15;Argentina;4567890124
Daniela;14;España;2345678902
José Manuel;16;Perú;3456789013
Gabriela;15;Chile;5678901235
Mateo;17;Brasil;6789012346
Juliana;14;Ecuador;7890123457
Andrés;16;Venezuela;8901234568
María José;15;Uruguay;9012345679
Fernando;14;Paraguay;1098765433
Catalina;15;Costa Rica;2109876544
Sebastián;16;Panamá;3210987655
Ana Sofía;14;Bolivia;4321098766
David;17;El Salvador;5432109877
Carolina;15;Guatemala;6543210988
Juan Pablo;16;Nicaragua;7654321099
Laura;14;Honduras;8765432100
Santiago;15;Puerto Rico;9876543211
Valentina;17;República Dominicana;5432109877
Felipe;14;Estados Unidos;7654321099
Alejandra;16;Canadá;9876543211
Andrea;15;Alemania;5432109877
Luis;14;Francia;7654321099
Marcela;17;Italia;9876543211
Pablo;16;Inglaterra;5432109877
Julieta;15;Australia;7654321099
Carlos;14;Nueva Zelanda;9876543211
Laura;16;Japón;5432109877
Martín;15;China;7654321099
María Fernanda;14;Corea del Sur;9876543211
Simón;16;India;5432109877
Juliana;15;Rusia;7654321099
Nicolás;14;Sudáfrica;9876543211
Daniela;17;Kenia;5432109877
Juan José;15;Nigeria;7654321099
Mariana;14;Ghana;9876543211
Andrés;16;Tanzania;5432109877
Luisa;15;Egipto;7654321099
Sergio;14;Irán;9876543211
Camila;16;Iraq;5432109877
Javier;15;Arabia Saudita;7654321099
Ana María;14;Emiratos Árabes Unidos;9876543211
Mateo;17;Qatar;5432109877
Paula;15;Turquía;7654321099
Diego;14;Israel;9876543211
María José;16;Palestina;5432109877
Daniel;15;Siria;7654321099
Catalina;14;Afganistán;9876543211
Juan Pablo;16;Pakistán;5432109877
Douglaths;24;Colombia;1010151096
